game_id,timestamp,player_count
10,1341100800000,53967
10,1343779200000,53685
10,1346457600000,55321
10,1349049600000,56053
10,1351728000000,56957
10,1354320000000,61189
10,1356998400000,65188
10,1359676800000,60134
10,1362096000000,49412
10,1364774400000,43856
10,1367366400000,36913
10,1370044800000,35960
10,1372636800000,34412
10,1375315200000,34230
10,1377993600000,36983
10,1380585600000,36655
10,1383264000000,39826
10,1385856000000,40743
10,1388534400000,44491
10,1391212800000,41945
10,1393632000000,39230
10,1396310400000,35774
10,1398902400000,33755
10,1401580800000,31392
10,1404172800000,30469
10,1406851200000,29564
10,1409529600000,30379
10,1412121600000,31690
10,1414800000000,33495
10,1417392000000,36393
10,1420070400000,37018
10,1422748800000,34453
10,1425168000000,33107
10,1427846400000,30333
10,1430438400000,26466
10,1433116800000,24177
10,1435708800000,23624
10,1438387200000,22650
10,1441065600000,23130
10,1443657600000,24278
10,1446336000000,26133
10,1448928000000,27926
10,1451606400000,29670
10,1454284800000,29617
10,1456790400000,28136
10,1459468800000,24994
10,1462060800000,22998
10,1464739200000,22585
10,1467331200000,21136
10,1470009600000,21491
10,1472688000000,21984
10,1475280000000,23413
10,1477958400000,24792
10,1480550400000,26909
10,1483228800000,29300
10,1485907200000,28071
10,1488326400000,26577
10,1491004800000,22842
10,1493596800000,21838
10,1496275200000,20229
10,1498867200000,20303
10,1501545600000,18292
10,1504224000000,18685
10,1506816000000,20764
10,1509494400000,24734
10,1512086400000,25689
10,1514764800000,27589
10,1517443200000,26135
10,1519862400000,25812
10,1522540800000,22637
10,1525132800000,18895
10,1527811200000,18604
10,1530403200000,18703
10,1533081600000,17093
10,1535760000000,17531
10,1538352000000,18183
10,1541030400000,20591
10,1543622400000,21858
10,1546300800000,22902
10,1548979200000,21432
10,1551398400000,19302
10,1554076800000,17373
10,1556668800000,16503
10,1559347200000,14925
10,1561939200000,15309
10,1564617600000,14902
10,1567296000000,14661
10,1569888000000,14937
10,1572566400000,15994
10,1575158400000,18196
10,1577836800000,19141
10,1580515200000,17705
10,1583020800000,30500
10,1585699200000,31782
10,1588291200000,29589
10,1590969600000,21446
10,1593561600000,18159
10,1596240000000,16485
10,1598918400000,16041
10,1601510400000,17908
10,1604188800000,20908
10,1606780800000,22645
10,1609459200000,23762
10,1612137600000,21626
10,1614556800000,22140
10,1617235200000,21562
10,1619827200000,18089
10,1622505600000,16391
10,1625097600000,14972
10,1627776000000,14064
10,1630454400000,14559
10,1633046400000,15631
10,1635724800000,16321
10,1638316800000,16534
10,1640995200000,18392
10,1643673600000,18714
10,1646092800000,16745
10,1648771200000,16636
10,1651363200000,14189
10,1654041600000,13707
10,1656633600000,14019
10,1659312000000,13191
10,1661990400000,13455
10,1664582400000,13709
10,1667260800000,15888
10,1669852800000,16245
10,1672531200000,17136
10,1674432000000,15427
10,1674518400000,15770
10,1674604800000,15118
10,1674691200000,15025
10,1674777600000,15486
10,1674864000000,15989
10,1674950400000,16269
10,1675036800000,15175
10,1675123200000,15158
10,1675209600000,14883
10,1675296000000,15136
10,1675382400000,15236
10,1675468800000,16101
10,1675555200000,16364
10,1675641600000,14953
10,1675728000000,14815
10,1675814400000,14551
10,1675900800000,13992
10,1675987200000,14757
10,1676073600000,15815
10,1676160000000,16122
10,1676246400000,14835
10,1676332800000,14265
10,1676419200000,14631
10,1676505600000,14445
10,1676592000000,15000
10,1676678400000,15417
10,1676764800000,15689
10,1676851200000,15043
10,1676937600000,15058
10,1677024000000,14678
10,1677110400000,14325
10,1677196800000,14715
10,1677283200000,15397
10,1677369600000,15766
10,1677456000000,14777
10,1677542400000,14331
10,1677628800000,14107
10,1677715200000,14045
10,1677801600000,14563
10,1677888000000,15193
10,1677974400000,15577
10,1678060800000,14544
10,1678147200000,14607
10,1678233600000,13650
10,1678320000000,13992
10,1678406400000,14772
10,1678492800000,15346
10,1678579200000,15520
10,1678665600000,14233
10,1678752000000,13961
10,1678838400000,13535
10,1678924800000,13803
10,1679011200000,14517
10,1679097600000,15172
10,1679184000000,15828
10,1679270400000,14819
10,1679356800000,14843
10,1679443200000,14545
10,1679529600000,14565
10,1679572856000,8678
10,1679576502000,10098
10,1679580052000,11175
10,1679583641000,11958
10,1679587250000,12414
10,1679590862000,12829
10,1679594514000,13890
10,1679598107000,14565
10,1679601710000,13757
10,1679605309000,11729
10,1679608907000,9717
10,1679612517000,8102
10,1679616098000,6747
10,1679619718000,6087
10,1679623317000,5887
10,1679626932000,5933
10,1679630474000,5404
10,1679634049000,4965
10,1679637644000,4696
10,1679641299000,4903
10,1679644842000,5380
10,1679648505000,6084
10,1679652033000,6760
10,1679655643000,7496
10,1679659266000,8811
10,1679662846000,9954
10,1679666454000,11089
10,1679670089000,11793
10,1679673692000,12618
10,1679677304000,13172
10,1679680908000,14048
10,1679684514000,14803
10,1679688139000,14455
10,1679691706000,13104
10,1679695316000,11469
10,1679698941000,9646
10,1679702519000,8121
10,1679706112000,7117
10,1679709706000,6478
10,1679713256000,6355
10,1679716876000,5903
10,1679720443000,5499
10,1679724108000,5411
10,1679727684000,5766
10,1679731308000,6450
10,1679734905000,7204
10,1679738468000,8247
10,1679742173000,9108
10,1679745715000,10206
10,1679749288000,11420
10,1679752907000,12355
10,1679756460000,13295
10,1679760129000,13577
10,1679763715000,13961
10,1679767314000,14740
10,1679770976000,15144
10,1679774507000,14897
10,1679778121000,13817
10,1679781699000,11912
10,1679785311000,10121
10,1679788870000,8508
10,1679792548000,7305
10,1679796111000,6635
10,1679799710000,6346
10,1679803317000,6081
10,1679806908000,5757
10,1679810505000,5651
10,1679814109000,6030
10,1679817670000,6872
10,1679821289000,7982
10,1679824929000,9250
10,1679828515000,10296
10,1679832110000,11469
10,1679835697000,12803
10,1679839310000,13627
10,1679842914000,14355
10,1679846459000,14802
10,1679850080000,14672
10,1679853715000,15479
10,1679857309000,15534
10,1679860911000,14249
10,1679864507000,12197
10,1679868108000,9693
10,1679871729000,8207
10,1679875255000,7129
10,1679878891000,6571
10,1679882528000,6089
10,1679886114000,5579
10,1679889697000,4905
10,1679893302000,4454
10,1679896895000,4265
10,1679900508000,4663
10,1679904154000,5176
10,1679907674000,5795
10,1679911259000,6626
10,1679914856000,7369
10,1679918436000,8434
10,1679922095000,9787
10,1679925703000,11039
10,1679929313000,12147
10,1679932903000,12820
10,1679936513000,13367
10,1679940077000,14616
10,1679943719000,14536
10,1679947370000,13267
10,1679950913000,11134
10,1679954495000,9234
10,1679958055000,7833
10,1679961774000,6768
10,1679965292000,6235
10,1679968919000,5963
10,1679972465000,5709
10,1679976090000,5151
10,1679979714000,4627
10,1679983254000,4469
10,1679986870000,4658
10,1679990450000,5235
10,1679994066000,5963
10,1679997629000,6583
10,1680001281000,7435
10,1680004856000,8524
10,1680008515000,9942
10,1680012096000,11078
10,1680015697000,12274
10,1680019264000,12989
10,1680022860000,13447
10,1680026470000,14540
10,1680030097000,14725
10,1680033709000,13613
10,1680037306000,11323
10,1680040910000,9213
10,1680044472000,7903
10,1680048111000,6370
10,1680051640000,6080
10,1680055271000,5869
10,1680058911000,5630
10,1680062476000,4890
10,1680066054000,4374
10,1680069692000,4325
10,1680073252000,4391
10,1680076911000,5038
10,1680080490000,5821
10,1680084082000,6583
10,1680087656000,7500
10,1680091291000,8448
10,1680094906000,9729
10,1680098457000,10990
10,1680102060000,11988
10,1680105675000,12801
10,1680109233000,13198
10,1680112891000,14276
10,1680116480000,14710
10,1680120106000,13564
10,1680123715000,10903
10,1680127327000,8853
10,1680130916000,7558
10,1680134502000,6678
10,1680138128000,6207
10,1680141694000,5936
10,1680145276000,5539
10,1680148917000,4992
10,1680152499000,4485
10,1680156072000,4345
10,1680159642000,4494
10,1680163250000,5029
10,1680166835000,5791
10,1680170454000,6522
10,1680174036000,7267
10,1680177702000,8370
10,1680181305000,9772
10,1680184896000,11030
10,1680188441000,12008
10,1680192070000,12497
10,1680195654000,13025
10,1680199320000,13976
10,1680202910000,14615
10,1680206486000,13097
10,1680210106000,11005
10,1680213697000,8987
10,1680217294000,7714
10,1680220861000,6708
10,1680224467000,6129
10,1680228114000,5770
10,1680231715000,5699
10,1680235314000,5054
10,1680238861000,4609
10,1680242443000,4459
10,1680246062000,4663
10,1680249652000,5230
10,1680253251000,5961
10,1680256885000,6662
10,1680260475000,7520
10,1680264057000,8686
10,1680267653000,9957
10,1680271252000,11200
10,1680274895000,11968
10,1680278517000,12628
10,1680282050000,13351
10,1680285708000,14358
10,1680289294000,15350
10,1680292896000,14715
10,1680296510000,13038
10,1680300101000,10677
10,1680303712000,8904
10,1680307348000,7625
10,1680310907000,6679
10,1680314511000,6184
10,1680318112000,6190
10,1680321665000,5959
10,1680325297000,5575
10,1680328885000,5435
10,1680332498000,5828
10,1680336053000,6495
10,1680339673000,7447
10,1680343350000,8284
10,1680346856000,9255
10,1680350435000,10352
10,1680354106000,11332
10,1680357713000,12319
10,1680361248000,13199
10,1680364922000,13894
10,1680368515000,13908
10,1680372097000,14753
10,1680375677000,15120
10,1680379313000,14717
10,1680382909000,13501
10,1680386477000,11699
10,1680390115000,9696
10,1680393688000,8013
10,1680397310000,6854
10,1680400918000,6347
10,1680404510000,6059
10,1680408075000,5912
10,1680411663000,5587
10,1680415300000,5542
10,1680418905000,6056
10,1680422535000,7127
10,1680426087000,8125
10,1680429703000,9208
10,1680433285000,10268
10,1680436901000,11395
10,1680440473000,12637
10,1680444075000,13577
10,1680447716000,14492
10,1680451287000,14745
10,1680454913000,14849
10,1680458510000,15526
10,1680462094000,15167
10,1680465656000,13883
10,1680469320000,11887
10,1680472869000,9750
10,1680476515000,8181
10,1680480111000,7116
10,1680483647000,6665
10,1680487276000,6193
10,1680490913000,5716
10,1680494505000,5078
10,1680498106000,4523
10,1680501738000,4474
10,1680505306000,4594
10,1680508843000,5031
10,1680512428000,5706
10,1680516053000,6332
10,1680519626000,7226
10,1680523294000,8297
10,1680526851000,9270
10,1680530487000,10700
10,1680534045000,11736
10,1680537649000,12548
10,1680541232000,13065
10,1680544896000,14168
10,1680548471000,14269
10,1680552091000,13129
10,1680555695000,11190
10,1680559306000,9034
10,1680562853000,7754
10,1680566497000,6943
10,1680570102000,6460
10,1680573665000,6099
10,1680577224000,5839
10,1680580901000,5235
10,1680584456000,4641
10,1680588036000,4449
10,1680591639000,4714
10,1680595294000,5095
10,1680598900000,5773
10,1680602478000,6457
10,1680606104000,7226
10,1680609651000,8429
10,1680613286000,9549
10,1680616856000,10823
10,1680620483000,11930
10,1680624048000,12893
10,1680627636000,13406
10,1680631306000,14451
10,1680634846000,14435
10,1680638434000,13050
10,1680642054000,11044
10,1680645725000,9002
10,1680649268000,7116
10,1680652905000,6505
10,1680656460000,6109
10,1680660062000,5940
10,1680663701000,5772
10,1680667253000,5218
10,1680670854000,4739
10,1680674430000,4632
10,1680678101000,4853
10,1680681692000,5432
10,1680685241000,6048
10,1680688854000,6689
10,1680692491000,7446
10,1680696038000,8429
10,1680699662000,9615
10,1680703256000,10715
10,1680706823000,11439
10,1680710500000,12033
10,1680714043000,12473
10,1680717657000,13566
10,1680721282000,13444
10,1680724855000,11980
10,1680728512000,10465
10,1680732121000,8937
10,1680735700000,7498
10,1680739290000,6569
10,1680742880000,6038
10,1680746439000,5780
10,1680750049000,5763
10,1680753651000,5306
10,1680757247000,5002
10,1680760877000,4701
10,1680764450000,4839
10,1680768047000,5262
10,1680771630000,5826
10,1680775277000,6529
10,1680778880000,7273
10,1680782460000,8375
10,1680786030000,9578
10,1680789673000,10889
10,1680793340000,11841
10,1680796902000,12450
10,1680800516000,12922
10,1680804048000,13959
10,1680807684000,14331
10,1680811327000,13389
10,1680814926000,11553
10,1680818448000,9423
10,1680822087000,7954
10,1680825706000,6981
10,1680829334000,6196
10,1680833015000,5907
10,1680836454000,5949
10,1680840065000,5636
10,1680843653000,5245
10,1680847231000,5012
10,1680850830000,5143
10,1680854478000,5576
10,1680858080000,6152
10,1680861710000,6943
10,1680865247000,7769
10,1680868908000,8818
10,1680872427000,9881
10,1680876056000,11332
10,1680879655000,12427
10,1680883264000,12988
10,1680886849000,13554
10,1680890487000,14641
10,1680894177000,15057
10,1680897692000,14522
10,1680901264000,12806
10,1680904914000,10898
10,1680908514000,9214
10,1680912113000,7731
10,1680915718000,6835
10,1680919292000,6382
10,1680922897000,6271
10,1680926507000,5948
10,1680930121000,5815
10,1680933666000,5670
10,1680937244000,5812
10,1680940832000,6440
10,1680944460000,7231
10,1680948060000,8107
10,1680951657000,8810
10,1680955249000,9570
10,1680958919000,10830
10,1680962511000,11811
10,1680966163000,12439
10,1680969677000,12975
10,1680973258000,13226
10,1680976905000,14017
10,1680980519000,14481
10,1680984081000,14079
10,1680987714000,12845
10,1680991322000,11217
10,1680994909000,9424
10,1680998509000,8160
10,1681002078000,7009
10,1681005694000,6313
10,1681009373000,5933
10,1681012899000,5859
10,1681016477000,5706
10,1681020044000,5822
10,1681023681000,6303
10,1681027271000,6940
10,1681030881000,7743
10,1681034457000,8545
10,1681038102000,9470
10,1681041702000,10499
10,1681045268000,11610
10,1681048856000,12363
10,1681052520000,13036
10,1681056102000,13382
10,1681059705000,13380
10,1681063312000,14295
10,1681066865000,14147
10,1681070457000,13414
10,1681074081000,11879
10,1681077694000,9944
10,1681081313000,8290
10,1681084894000,7174
10,1681088478000,6407
10,1681092119000,5929
10,1681095711000,5426
10,1681099300000,4806
10,1681102888000,4373
10,1681106504000,4299
10,1681110099000,4561
10,1681113697000,5147
10,1681117231000,5810
10,1681120824000,6538
10,1681124507000,7317
10,1681128056000,8452
10,1681131653000,9586
10,1681135233000,10802
10,1681138831000,11685
10,1681142447000,12258
10,1681146114000,12540
10,1681149674000,13389
10,1681153255000,13537
10,1681156912000,12649
10,1681160503000,10783
10,1681164101000,8901
10,1681167661000,7601
10,1681171300000,6830
10,1681174906000,6212
10,1681178453000,5958
10,1681182175000,5707
10,1681185687000,4935
10,1681189241000,4435
10,1681192894000,4255
10,1681196436000,4515
10,1681200050000,4998
10,1681203743000,5586
10,1681207293000,6414
10,1681210857000,7052
10,1681214452000,7932
10,1681218073000,8990
10,1681221649000,10147
10,1681225255000,11031
10,1681228894000,11711
10,1681232458000,12348
10,1681236073000,13262
10,1681239641000,13405
10,1681243321000,11768
10,1681246912000,9843
10,1681250582000,8560
10,1681254068000,6701
10,1681257690000,6375
10,1681261335000,5704
10,1681264913000,5538
10,1681268512000,5422
10,1681272081000,4857
10,1681275735000,4311
10,1681279299000,4135
10,1681282858000,4376
10,1681286476000,4907
10,1681290051000,5445
10,1681293690000,6046
10,1681297227000,6750
10,1681300881000,7893
10,1681304429000,8917
10,1681308062000,10161
10,1681311702000,11069
10,1681315286000,11689
10,1681318886000,12086
10,1681322485000,13052
10,1681326050000,13067
10,1681329776000,11394
10,1681333269000,9441
10,1681336915000,8307
10,1681340436000,7206
10,1681344055000,6331
10,1681347688000,5559
10,1681351256000,5454
10,1681354882000,5464
10,1681358467000,4842
10,1681362083000,4305
10,1681365698000,4132
10,1681369247000,4358
10,1681372852000,4887
10,1681376433000,5376
10,1681380035000,5957
10,1681383705000,6788
10,1681387282000,7687
10,1681390910000,8777
10,1681394499000,9862
10,1681398028000,10624
10,1681401662000,11477
10,1681405278000,11724
10,1681408942000,0
10,1681412451000,12960
10,1681416063000,12101
10,1681419680000,10166
10,1681423285000,8656
10,1681426855000,7241
10,1681430458000,6234
10,1681434031000,5776
10,1681437635000,5716
10,1681441228000,5475
10,1681444859000,4990
10,1681448441000,4460
10,1681452071000,4302
10,1681455673000,4502
10,1681459251000,5015
10,1681462824000,5707
10,1681466474000,6473
10,1681470048000,7294
10,1681473709000,8303
10,1681477301000,9186
10,1681480833000,10293
10,1681484487000,11270
10,1681488041000,11981
10,1681491679000,12435
10,1681495256000,13481
10,1681498855000,13796
10,1681502456000,13158
10,1681506242000,11816
10,1681509718000,10215
10,1681513256000,8629
10,1681516892000,7464
10,1681520493000,6367
10,1681524085000,6155
10,1681527658000,6009
10,1681531253000,5707
10,1681534867000,5336
10,1681538424000,5221
10,1681542040000,5538
10,1681545626000,6061
10,1681549249000,6962
10,1681552851000,7760
10,1681556511000,8441
10,1681560090000,9601
10,1681563681000,10433
10,1681567253000,11461
10,1681570888000,12199
10,1681574505000,12802
10,1681578086000,13184
10,1681581711000,13752
10,1681585317000,13953
10,1681588860000,13510
10,1681592516000,12162
10,1681596076000,10778
10,1681599702000,9048
10,1681603320000,7840
10,1681606909000,6780
10,1681610513000,6249
10,1681614116000,6171
10,1681617677000,5968
10,1681621292000,5698
10,1681624863000,5775
10,1681628450000,6120
10,1681632049000,6676
10,1681635676000,7578
10,1681639285000,8390
10,1681642838000,9092
10,1681646456000,9980
10,1681650053000,11077
10,1681653690000,11955
10,1681657254000,12782
10,1681660906000,13143
10,1681664517000,13009
10,1681668102000,13723
10,1681671712000,13742
10,1681675313000,12762
10,1681678883000,11157
10,1681682514000,9448
10,1681686124000,8070
10,1681689695000,6964
10,1681693307000,6310
10,1681696890000,5919
10,1681700514000,5362
10,1681704107000,4815
10,1681707653000,4442
10,1681711247000,4388
10,1681714848000,4640
10,1681718447000,5122
10,1681722021000,5884
10,1681725674000,6734
10,1681729231000,7583
10,1681732894000,8603
10,1681736496000,9691
10,1681740030000,10690
10,1681743703000,11320
10,1681747289000,12034
10,1681750905000,12201
10,1681754456000,13132
10,1681758037000,13212
10,1681761723000,12130
10,1681765255000,10337
10,1681768851000,8471
10,1681772475000,7396
10,1681776101000,6737
10,1681779681000,6264
10,1681783264000,6022
10,1681786885000,5764
10,1681790454000,5030
10,1681794072000,4438
10,1681797655000,4384
10,1681801254000,4600
10,1681804887000,5149
10,1681808426000,5720
10,1681812023000,6419
10,1681815665000,7254
10,1681819251000,8166
10,1681822887000,9356
10,1681826513000,10322
10,1681830095000,11207
10,1681833655000,11887
10,1681837293000,12315
10,1681840831000,13057
10,1681844424000,13356
10,1681848103000,11725
10,1681851650000,10181
10,1681855252000,8817
10,1681858886000,7487
10,1681862543000,6744
10,1681866063000,5942
10,1681869658000,5847
10,1681873277000,5780
10,1681876827000,5159
10,1681880454000,4683
10,1681884051000,4455
10,1681887626000,4608
10,1681891239000,5062
10,1681894848000,5626
10,1681898437000,6273
10,1681902054000,6958
10,1681905707000,8081
10,1681909266000,9150
10,1681912847000,10129
10,1681916449000,11088
10,1681920089000,11883
10,1681923655000,12156
10,1681927260000,12983
10,1681930893000,12956
10,1681934467000,11660
10,1681938118000,9899
10,1681941697000,8848
10,1681945327000,2221
10,1681948881000,6613
10,1681952458000,5803
10,1681956059000,5588
10,1681959623000,5481
10,1681963255000,4999
10,1681966855000,4510
10,1681970437000,4304
10,1681974057000,4446
10,1681977638000,5091
10,1681981231000,5609
10,1681984895000,6168
10,1681988462000,7109
10,1681992096000,7960
10,1681995657000,9143
10,1681999304000,10270
10,1682002862000,10996
10,1682006522000,11571
10,1682010119000,11926
10,1682013665000,12801
10,1682017326000,13135
10,1682020872000,12447
10,1682024457000,10199
10,1682028034000,8506
10,1682031670000,7164
10,1682035247000,6234
10,1682038860000,5735
10,1682042459000,5558
10,1682046104000,5472
10,1682049655000,4902
10,1682053300000,4428
10,1682056855000,4413
10,1682060446000,4721
10,1682064093000,5185
10,1682067632000,5710
10,1682071236000,6338
10,1682074903000,7111
10,1682078502000,8030
10,1682082093000,9079
10,1682085662000,10088
10,1682089259000,10758
10,1682092890000,11411
10,1682096492000,12113
10,1682100089000,12935
10,1682103653000,13132
10,1682107268000,12622
10,1682110888000,11268
10,1682114526000,9517
10,1682118061000,8050
10,1682121705000,6934
10,1682125257000,6063
10,1682128859000,5767
10,1682132455000,5713
10,1682136083000,5593
10,1682139646000,5211
10,1682143254000,5165
10,1682146855000,5516
10,1682150450000,6077
10,1682154099000,6957
10,1682157632000,7576
10,1682161239000,8164
20,1341100800000,183
20,1343779200000,189
20,1346457600000,173
20,1349049600000,179
20,1351728000000,169
20,1354320000000,191
20,1356998400000,190
20,1359676800000,181
20,1362096000000,180
20,1364774400000,161
20,1367366400000,145
20,1370044800000,133
20,1372636800000,155
20,1375315200000,135
20,1377993600000,137
20,1380585600000,155
20,1383264000000,155
20,1385856000000,148
20,1388534400000,151
20,1391212800000,147
20,1393632000000,153
20,1396310400000,153
20,1398902400000,120
20,1401580800000,139
20,1404172800000,138
20,1406851200000,141
20,1409529600000,150
20,1412121600000,152
20,1414800000000,151
20,1417392000000,158
20,1420070400000,150
20,1422748800000,155
20,1425168000000,154
20,1427846400000,130
20,1430438400000,132
20,1433116800000,136
20,1435708800000,116
20,1438387200000,120
20,1441065600000,116
20,1443657600000,123
20,1446336000000,133
20,1448928000000,158
20,1451606400000,147
20,1454284800000,150
20,1456790400000,130
20,1459468800000,122
20,1462060800000,120
20,1464739200000,132
20,1467331200000,134
20,1470009600000,143
20,1472688000000,116
20,1475280000000,118
20,1477958400000,125
20,1480550400000,149
20,1483228800000,154
20,1485907200000,139
20,1488326400000,127
20,1491004800000,117
20,1493596800000,124
20,1496275200000,150
20,1498867200000,156
20,1501545600000,110
20,1504224000000,103
20,1506816000000,112
20,1509494400000,119
20,1512086400000,131
20,1514764800000,144
20,1517443200000,133
20,1519862400000,190
20,1522540800000,130
20,1525132800000,113
20,1527811200000,115
20,1530403200000,112
20,1533081600000,111
20,1535760000000,119
20,1538352000000,110
20,1541030400000,126
20,1543622400000,126
20,1546300800000,126
20,1548979200000,135
20,1551398400000,122
20,1554076800000,115
20,1556668800000,142
20,1559347200000,130
20,1561939200000,144
20,1564617600000,111
20,1567296000000,98
20,1569888000000,98
20,1572566400000,115
20,1575158400000,125
20,1577836800000,210
20,1580515200000,140
20,1583020800000,163
20,1585699200000,186
20,1588291200000,175
20,1590969600000,164
20,1593561600000,160
20,1596240000000,150
20,1598918400000,133
20,1601510400000,136
20,1604188800000,146
20,1606780800000,144
20,1609459200000,158
20,1612137600000,143
20,1614556800000,133
20,1617235200000,147
20,1619827200000,129
20,1622505600000,135
20,1625097600000,133
20,1627776000000,138
20,1630454400000,129
20,1633046400000,113
20,1635724800000,118
20,1638316800000,129
20,1640995200000,145
20,1643673600000,124
20,1646092800000,119
20,1648771200000,116
20,1651363200000,113
20,1654041600000,125
20,1656633600000,122
20,1659312000000,118
20,1661990400000,113
20,1664582400000,108
20,1667260800000,130
20,1669852800000,136
20,1672531200000,143
20,1674432000000,114
20,1674518400000,93
20,1674604800000,103
20,1674691200000,73
20,1674777600000,94
20,1674864000000,111
20,1674950400000,99
20,1675036800000,92
20,1675123200000,94
20,1675209600000,87
20,1675296000000,99
20,1675382400000,99
20,1675468800000,121
20,1675555200000,106
20,1675641600000,113
20,1675728000000,94
20,1675814400000,83
20,1675900800000,94
20,1675987200000,96
20,1676073600000,123
20,1676160000000,99
20,1676246400000,71
20,1676332800000,89
20,1676419200000,89
20,1676505600000,93
20,1676592000000,106
20,1676678400000,113
20,1676764800000,119
20,1676851200000,89
20,1676937600000,114
20,1677024000000,87
20,1677110400000,95
20,1677196800000,97
20,1677283200000,118
20,1677369600000,112
20,1677456000000,91
20,1677542400000,95
20,1677628800000,94
20,1677715200000,89
20,1677801600000,89
20,1677888000000,130
20,1677974400000,107
20,1678060800000,92
20,1678147200000,87
20,1678233600000,101
20,1678320000000,116
20,1678406400000,100
20,1678492800000,123
20,1678579200000,119
20,1678665600000,105
20,1678752000000,103
20,1678838400000,102
20,1678924800000,102
20,1679011200000,118
20,1679097600000,123
20,1679184000000,129
20,1679270400000,111
20,1679356800000,115
20,1679443200000,95
20,1679529600000,94
20,1679570465000,37
20,1679574026000,42
20,1679577680000,46
20,1679581245000,35
20,1679584945000,52
20,1679588980000,52
20,1679592677000,78
20,1679595968000,77
20,1679599574000,75
20,1679603221000,74
20,1679606789000,79
20,1679610382000,67
20,1679614257000,66
20,1679617661000,95
20,1679621085000,115
20,1679624544000,105
20,1679628278000,99
20,1679631809000,97
20,1679635217000,69
20,1679638819000,62
20,1679642473000,44
20,1679646037000,48
20,1679649539000,52
20,1679652537000,41
20,1679656681000,44
20,1679660293000,52
20,1679663874000,60
20,1679667614000,61
20,1679670308000,67
20,1679674975000,88
20,1679678662000,75
20,1679682422000,78
20,1679685845000,82
20,1679689675000,103
20,1679693104000,99
20,1679696643000,98
20,1679700318000,103
20,1679703832000,117
20,1679707296000,99
20,1679710890000,110
20,1679714431000,115
20,1679718077000,111
20,1679721607000,100
20,1679725264000,81
20,1679728840000,76
20,1679732469000,58
20,1679736054000,60
20,1679739620000,69
20,1679743425000,58
20,1679746917000,59
20,1679750477000,61
20,1679754148000,78
20,1679757794000,85
20,1679761592000,84
20,1679765219000,87
20,1679768827000,83
20,1679772516000,95
20,1679775980000,119
20,1679779500000,111
20,1679783080000,122
20,1679786673000,127
20,1679790168000,138
20,1679793738000,139
20,1679797352000,121
20,1679800880000,98
20,1679804464000,100
20,1679808092000,81
20,1679811736000,75
20,1679815252000,58
20,1679818803000,56
20,1679822420000,59
20,1679825967000,58
20,1679829543000,52
20,1679833218000,65
20,1679836741000,68
20,1679840487000,71
20,1679844279000,69
20,1679848144000,90
20,1679851661000,99
20,1679855287000,98
20,1679858764000,102
20,1679862367000,97
20,1679866052000,101
20,1679869529000,95
20,1679871961000,106
20,1679876708000,96
20,1679880698000,103
20,1679884271000,98
20,1679887442000,90
20,1679891024000,77
20,1679894596000,66
20,1679898216000,58
20,1679901686000,46
20,1679905320000,38
20,1679908826000,35
20,1679912428000,42
20,1679915648000,45
20,1679919568000,39
20,1679923253000,50
20,1679926953000,61
20,1679930583000,61
20,1679934506000,67
20,1679937980000,71
20,1679941618000,97
20,1679945107000,73
20,1679948696000,75
20,1679952230000,77
20,1679955804000,70
20,1679959393000,71
20,1679963120000,80
20,1679966716000,121
20,1679970170000,115
20,1679973678000,79
20,1679977139000,83
20,1679980835000,70
20,1679984287000,60
20,1679987970000,46
20,1679991527000,47
20,1679995075000,42
20,1679998615000,46
20,1680002267000,43
20,1680005860000,48
20,1680009625000,50
20,1680013157000,59
20,1680017039000,63
20,1680020727000,55
20,1680024444000,70
20,1680027969000,71
20,1680031616000,70
20,1680035266000,69
20,1680038861000,73
20,1680042411000,78
20,1680046863000,24
20,1680049559000,80
20,1680053213000,87
20,1680056870000,91
20,1680060204000,69
20,1680063825000,72
20,1680067331000,67
20,1680070968000,51
20,1680074596000,35
20,1680078073000,34
20,1680081671000,44
20,1680085215000,44
20,1680088790000,42
20,1680092430000,42
20,1680096096000,46
20,1680099636000,54
20,1680103484000,50
20,1680107109000,60
20,1680110807000,56
20,1680114558000,67
20,1680117976000,73
20,1680121639000,89
20,1680125091000,90
20,1680128760000,83
20,1680132012000,100
20,1680135708000,81
20,1680139416000,102
20,1680142890000,109
20,1680146424000,74
20,1680150078000,90
20,1680153633000,59
20,1680157268000,47
20,1680160774000,39
20,1680164282000,36
20,1680167848000,42
20,1680171461000,40
20,1680175035000,42
20,1680178726000,46
20,1680182420000,47
20,1680185931000,56
20,1680189717000,58
20,1680193287000,71
20,1680197198000,85
20,1680200674000,80
20,1680204251000,91
20,1680207820000,104
20,1680211288000,83
20,1680214877000,90
20,1680218542000,91
20,1680222052000,87
20,1680225730000,114
20,1680229260000,105
20,1680232883000,103
20,1680236385000,83
20,1680240005000,69
20,1680243512000,43
20,1680247158000,38
20,1680250669000,37
20,1680254287000,37
20,1680257896000,41
20,1680261464000,34
20,1680265099000,47
20,1680268679000,50
20,1680272473000,62
20,1680276391000,67
20,1680279935000,77
20,1680283479000,67
20,1680287216000,87
20,1680290806000,86
20,1680294249000,83
20,1680297874000,85
20,1680301462000,71
20,1680305041000,82
20,1680308701000,72
20,1680312254000,97
20,1680315865000,104
20,1680319329000,114
20,1680322830000,94
20,1680326457000,78
20,1680330022000,64
20,1680333698000,58
20,1680337194000,45
20,1680340802000,33
20,1680344386000,36
20,1680347931000,37
20,1680351574000,38
20,1680355371000,58
20,1680358898000,54
20,1680362437000,67
20,1680366452000,68
20,1680370143000,78
20,1680373644000,80
20,1680377159000,100
20,1680380737000,83
20,1680384254000,115
20,1680387777000,122
20,1680391321000,99
20,1680394873000,108
20,1680398485000,90
20,1680401428000,94
20,1680405739000,111
20,1680409247000,109
20,1680412886000,94
20,1680416576000,77
20,1680419988000,65
20,1680423681000,43
20,1680427216000,46
20,1680430809000,0
20,1680434508000,51
20,1680438058000,47
20,1680441645000,56
20,1680445314000,70
20,1680448917000,65
20,1680452617000,87
20,1680456382000,93
20,1680459175000,100
20,1680463430000,91
20,1680467000000,85
20,1680470664000,98
20,1680474209000,102
20,1680477855000,96
20,1680481458000,98
20,1680484959000,107
20,1680488637000,134
20,1680492059000,123
20,1680495653000,93
20,1680499162000,65
20,1680502800000,39
20,1680506334000,33
20,1680509852000,34
20,1680513434000,37
20,1680517036000,34
20,1680520509000,38
20,1680524234000,38
20,1680527770000,33
20,1680531607000,44
20,1680535065000,53
20,1680538851000,58
20,1680542811000,74
20,1680546317000,76
20,1680549934000,67
20,1680553605000,77
20,1680557214000,78
20,1680560760000,83
20,1680564253000,73
20,1680567899000,86
20,1680571431000,87
20,1680574987000,94
20,1680578511000,89
20,1680582153000,77
20,1680585013000,66
20,1680589211000,52
20,1680592802000,43
20,1680596441000,34
20,1680600032000,28
20,1680603599000,36
20,1680607135000,42
20,1680610775000,37
20,1680614397000,39
20,1680618034000,48
20,1680621722000,58
20,1680625549000,61
20,1680629127000,57
20,1680632879000,75
20,1680636351000,85
20,1680639749000,96
20,1680643339000,106
20,1680646923000,90
20,1680650589000,83
20,1680654126000,92
20,1680657662000,114
20,1680661218000,103
20,1680664835000,102
20,1680668421000,78
20,1680671929000,72
20,1680675081000,69
20,1680679128000,45
20,1680682706000,46
20,1680686246000,49
20,1680689860000,37
20,1680693477000,43
20,1680697097000,40
20,1680700706000,43
20,1680704295000,55
20,1680707957000,55
20,1680711823000,51
20,1680715468000,57
20,1680719280000,71
20,1680722704000,84
20,1680726235000,85
20,1680729855000,58
20,1680733470000,70
20,1680737050000,70
20,1680739830000,70
20,1680744188000,87
20,1680747734000,94
20,1680751223000,78
20,1680754849000,86
20,1680758417000,63
20,1680762098000,47
20,1680765664000,41
20,1680769220000,33
20,1680772784000,31
20,1680776310000,34
20,1680779917000,40
20,1680783513000,45
20,1680787219000,43
20,1680791156000,54
20,1680794830000,55
20,1680798703000,61
20,1680801977000,60
20,1680805586000,68
20,1680809207000,78
20,1680812683000,96
20,1680816158000,95
20,1680819742000,73
20,1680823398000,93
20,1680827050000,86
20,1680830845000,97
20,1680834412000,102
20,1680837640000,92
20,1680841248000,86
20,1680844838000,75
20,1680848372000,76
20,1680851974000,54
20,1680855620000,48
20,1680859122000,34
20,1680862736000,35
20,1680866303000,36
20,1680869955000,45
20,1680873625000,59
20,1680877242000,66
20,1680881024000,59
20,1680884758000,79
20,1680888339000,84
20,1680891837000,89
20,1680895522000,79
20,1680899016000,102
20,1680902604000,89
20,1680906304000,91
20,1680909847000,95
20,1680913446000,95
20,1680917014000,104
20,1680920578000,96
20,1680924217000,108
20,1680927707000,111
20,1680931285000,94
20,1680934817000,75
20,1680938391000,68
20,1680941978000,59
20,1680945692000,52
20,1680949186000,51
20,1680952778000,52
20,1680956286000,60
20,1680960165000,56
20,1680963753000,59
20,1680967423000,76
20,1680970874000,63
20,1680974726000,68
20,1680978398000,86
20,1680982016000,93
20,1680985464000,86
20,1680989061000,96
20,1680992657000,92
20,1680996228000,86
20,1680999840000,92
20,1681003404000,87
20,1681007040000,110
20,1681010545000,115
20,1681013717000,88
20,1681017699000,71
20,1681021248000,54
20,1681024834000,38
20,1681028535000,48
20,1681032077000,39
20,1681035593000,35
20,1681039131000,38
20,1681042738000,41
20,1681046395000,42
20,1681050019000,53
20,1681053669000,57
20,1681057584000,66
20,1681061397000,74
20,1681064780000,78
20,1681068445000,99
20,1681071799000,88
20,1681075404000,90
20,1681079087000,87
20,1681082613000,95
20,1681086205000,95
20,1681089809000,97
20,1681093438000,122
20,1681096920000,80
20,1681100436000,93
20,1681104151000,67
20,1681107733000,41
20,1681111206000,24
20,1681114793000,24
20,1681118255000,33
20,1681121836000,35
20,1681125513000,33
20,1681129081000,34
20,1681132681000,36
20,1681136331000,44
20,1681140009000,66
20,1681144157000,61
20,1681147675000,68
20,1681151185000,75
20,1681155010000,78
20,1681158450000,77
20,1681162047000,84
20,1681165414000,56
20,1681169038000,73
20,1681172646000,85
20,1681176286000,76
20,1681179930000,89
20,1681183503000,102
20,1681186960000,76
20,1681190410000,55
20,1681194095000,42
20,1681197580000,26
20,1681201266000,27
20,1681204826000,24
20,1681208360000,30
20,1681211859000,30
20,1681215649000,37
20,1681219167000,37
20,1681222811000,45
20,1681226289000,55
20,1681230181000,57
20,1681234043000,52
20,1681237659000,50
20,1681239723000,65
20,1681244932000,66
20,1681248511000,72
20,1681252027000,77
20,1681255400000,66
20,1681259070000,66
20,1681262768000,85
20,1681266370000,87
20,1681269692000,72
20,1681273264000,74
20,1681276927000,54
20,1681280499000,53
20,1681284015000,38
20,1681287635000,34
20,1681291181000,36
20,1681294717000,32
20,1681298250000,38
20,1681301921000,40
20,1681305645000,49
20,1681309225000,56
20,1681312975000,59
20,1681316733000,57
20,1681320366000,66
20,1681324014000,63
20,1681327546000,61
20,1681331323000,67
20,1681335198000,66
20,1681338433000,62
20,1681341975000,69
20,1681345492000,87
20,1681348967000,101
20,1681352575000,111
20,1681355948000,102
20,1681359541000,77
20,1681363104000,66
20,1681366712000,54
20,1681370269000,38
20,1681373855000,44
20,1681377436000,38
20,1681380954000,41
20,1681384597000,42
20,1681388181000,42
20,1681391640000,51
20,1681395517000,54
20,1681399086000,51
20,1681403010000,75
20,1681406613000,56
20,1681410246000,67
20,1681413799000,75
20,1681417420000,79
20,1681421072000,72
20,1681424604000,87
20,1681428180000,85
20,1681431757000,96
20,1681435229000,97
20,1681438899000,99
20,1681442379000,93
20,1681446001000,94
20,1681449579000,78
20,1681453193000,51
20,1681456706000,44
20,1681459756000,34
20,1681463832000,27
20,1681467505000,30
20,1681471101000,27
20,1681474737000,37
20,1681478328000,42
20,1681481903000,49
20,1681485451000,52
20,1681489210000,63
20,1681493131000,66
20,1681496770000,98
20,1681500026000,76
20,1681503663000,88
20,1681507479000,83
20,1681510921000,90
20,1681514456000,84
20,1681518115000,87
20,1681521702000,97
20,1681525261000,92
20,1681528831000,101
20,1681532430000,84
20,1681536020000,101
20,1681539587000,73
20,1681543184000,58
20,1681546766000,46
20,1681550412000,40
20,1681553974000,40
20,1681557630000,39
20,1681561222000,52
20,1681564927000,55
20,1681568446000,53
20,1681572157000,71
20,1681575714000,65
20,1681579285000,70
20,1681583211000,84
20,1681586761000,79
20,1681590341000,93
20,1681593881000,116
20,1681597280000,91
20,1681600885000,72
20,1681604517000,91
20,1681608073000,102
20,1681611707000,108
20,1681615359000,104
20,1681618914000,89
20,1681622445000,87
20,1681626010000,69
20,1681629598000,51
20,1681633192000,36
20,1681636810000,41
20,1681640417000,40
20,1681643971000,39
20,1681647601000,47
20,1681651252000,52
20,1681654874000,59
20,1681658457000,88
20,1681662328000,80
20,1681665957000,95
20,1681669475000,99
20,1681672951000,99
20,1681676785000,95
20,1681680200000,112
20,1681683811000,97
20,1681687402000,95
20,1681691075000,80
20,1681694574000,82
20,1681698097000,92
20,1681701690000,78
20,1681705279000,70
20,1681708872000,58
20,1681712392000,43
20,1681715986000,34
20,1681719601000,43
20,1681723055000,35
20,1681726715000,33
20,1681730376000,0
20,1681733949000,27
20,1681737642000,39
20,1681741389000,35
20,1681745028000,45
20,1681748730000,57
20,1681752357000,61
20,1681755902000,53
20,1681759558000,60
20,1681763201000,72
20,1681766764000,66
20,1681770374000,78
20,1681773855000,73
20,1681777433000,96
20,1681780898000,102
20,1681784439000,90
20,1681788028000,92
20,1681791600000,74
20,1681795201000,60
20,1681798778000,55
20,1681802288000,42
20,1681805922000,36
20,1681809433000,29
20,1681813015000,31
20,1681816811000,32
20,1681820248000,36
20,1681823928000,44
20,1681827585000,43
20,1681831406000,44
20,1681835095000,47
20,1681838817000,65
20,1681842338000,62
20,1681845858000,60
20,1681849605000,83
20,1681852936000,83
20,1681856622000,79
20,1681860219000,84
20,1681863565000,91
20,1681867240000,95
20,1681870830000,91
20,1681874448000,86
20,1681877991000,74
20,1681881605000,62
20,1681885199000,55
20,1681888761000,39
20,1681892361000,37
20,1681895870000,34
20,1681899451000,33
20,1681903066000,32
20,1681906837000,33
20,1681910359000,42
20,1681914057000,53
20,1681917648000,47
20,1681921540000,70
20,1681925057000,60
20,1681928647000,68
20,1681932332000,64
20,1681935867000,68
20,1681939578000,75
20,1681943150000,59
20,1681946848000,69
20,1681950221000,79
20,1681953756000,89
20,1681957302000,98
20,1681960776000,95
20,1681964472000,73
20,1681968080000,59
20,1681970957000,58
20,1681975231000,35
20,1681978728000,34
20,1681982246000,25
20,1681985899000,31
20,1681989473000,31
20,1681993202000,36
20,1681996718000,36
20,1682000412000,44
20,1682004029000,47
20,1682008136000,44
20,1682011705000,46
20,1682015403000,51
20,1682019013000,63
20,1682022359000,66
20,1682025905000,77
20,1682029447000,83
20,1682033069000,73
20,1682036574000,93
20,1682040107000,92
20,1682043752000,100
20,1682047280000,88
20,1682050804000,81
20,1682054445000,67
20,1682057983000,53
20,1682061573000,40
20,1682065145000,32
20,1682068648000,29
20,1682072235000,27
20,1682075902000,33
20,1682079580000,37
20,1682083131000,32
20,1682086745000,51
20,1682090460000,48
20,1682094244000,50
20,1682098175000,61
20,1682101587000,63
20,1682105124000,64
20,1682107343000,65
20,1682112491000,87
20,1682115831000,69
20,1682119386000,81
20,1682123083000,88
20,1682126553000,93
20,1682128934000,107
20,1682133627000,116
20,1682137235000,92
20,1682140688000,76
20,1682144284000,67
20,1682147887000,73
20,1682151306000,53
20,1682155120000,45
20,1682158656000,38
30,1341100800000,552
30,1343779200000,569
30,1346457600000,558
30,1349049600000,580
30,1351728000000,598
30,1354320000000,581
30,1356998400000,654
30,1359676800000,635
30,1362096000000,642
30,1364774400000,477
30,1367366400000,393
30,1370044800000,390
30,1372636800000,380
30,1375315200000,352
30,1377993600000,414
30,1380585600000,361
30,1383264000000,422
30,1385856000000,434
30,1388534400000,462
30,1391212800000,463
30,1393632000000,392
30,1396310400000,363
30,1398902400000,357
30,1401580800000,317
30,1404172800000,316
30,1406851200000,285
30,1409529600000,291
30,1412121600000,310
30,1414800000000,345
30,1417392000000,371
30,1420070400000,400
30,1422748800000,373
30,1425168000000,354
30,1427846400000,294
30,1430438400000,306
30,1433116800000,304
30,1435708800000,288
30,1438387200000,283
30,1441065600000,300
30,1443657600000,311
30,1446336000000,320
30,1448928000000,334
30,1451606400000,354
30,1454284800000,348
30,1456790400000,323
30,1459468800000,297
30,1462060800000,298
30,1464739200000,296
30,1467331200000,291
30,1470009600000,268
30,1472688000000,264
30,1475280000000,285
30,1477958400000,306
30,1480550400000,309
30,1483228800000,324
30,1485907200000,316
30,1488326400000,290
30,1491004800000,294
30,1493596800000,299
30,1496275200000,284
30,1498867200000,243
30,1501545600000,223
30,1504224000000,229
30,1506816000000,239
30,1509494400000,258
30,1512086400000,252
30,1514764800000,259
30,1517443200000,264
30,1519862400000,233
30,1522540800000,207
30,1525132800000,199
30,1527811200000,183
30,1530403200000,187
30,1533081600000,177
30,1535760000000,168
30,1538352000000,175
30,1541030400000,217
30,1543622400000,190
30,1546300800000,190
30,1548979200000,193
30,1551398400000,214
30,1554076800000,181
30,1556668800000,193
30,1559347200000,188
30,1561939200000,157
30,1564617600000,179
30,1567296000000,177
30,1569888000000,165
30,1572566400000,195
30,1575158400000,186
30,1577836800000,211
30,1580515200000,174
30,1583020800000,329
30,1585699200000,346
30,1588291200000,356
30,1590969600000,197
30,1593561600000,204
30,1596240000000,205
30,1598918400000,177
30,1601510400000,188
30,1604188800000,201
30,1606780800000,207
30,1609459200000,227
30,1612137600000,211
30,1614556800000,196
30,1617235200000,213
30,1619827200000,208
30,1622505600000,194
30,1625097600000,190
30,1627776000000,187
30,1630454400000,172
30,1633046400000,170
30,1635724800000,187
30,1638316800000,189
30,1640995200000,189
30,1643673600000,196
30,1646092800000,193
30,1648771200000,191
30,1651363200000,196
30,1654041600000,175
30,1656633600000,260
30,1659312000000,156
30,1661990400000,166
30,1664582400000,174
30,1667260800000,193
30,1669852800000,194
30,1672531200000,194
30,1674432000000,152
30,1674518400000,141
30,1674604800000,152
30,1674691200000,149
30,1674777600000,162
30,1674864000000,192
30,1674950400000,183
30,1675036800000,168
30,1675123200000,128
30,1675209600000,151
30,1675296000000,146
30,1675382400000,156
30,1675468800000,163
30,1675555200000,149
30,1675641600000,169
30,1675728000000,135
30,1675814400000,113
30,1675900800000,118
30,1675987200000,134
30,1676073600000,152
30,1676160000000,165
30,1676246400000,127
30,1676332800000,149
30,1676419200000,125
30,1676505600000,135
30,1676592000000,149
30,1676678400000,157
30,1676764800000,150
30,1676851200000,146
30,1676937600000,124
30,1677024000000,150
30,1677110400000,133
30,1677196800000,150
30,1677283200000,144
30,1677369600000,164
30,1677456000000,157
30,1677542400000,113
30,1677628800000,126
30,1677715200000,116
30,1677801600000,146
30,1677888000000,158
30,1677974400000,142
30,1678060800000,165
30,1678147200000,137
30,1678233600000,147
30,1678320000000,123
30,1678406400000,143
30,1678492800000,143
30,1678579200000,146
30,1678665600000,152
30,1678752000000,130
30,1678838400000,161
30,1678924800000,144
30,1679011200000,154
30,1679097600000,156
30,1679184000000,165
30,1679270400000,138
30,1679356800000,140
30,1679443200000,167
30,1679529600000,140
30,1679570195000,66
30,1679573753000,74
30,1679577159000,87
30,1679581060000,97
30,1679584783000,90
30,1679588485000,88
30,1679592228000,117
30,1679595677000,111
30,1679599285000,134
30,1679602780000,128
30,1679606456000,119
30,1679610049000,109
30,1679613867000,110
30,1679617322000,120
30,1679620894000,142
30,1679624385000,132
30,1679628129000,112
30,1679631666000,108
30,1679635073000,82
30,1679638680000,68
30,1679642332000,55
30,1679645899000,61
30,1679649488000,62
30,1679652920000,66
30,1679656546000,63
30,1679660156000,73
30,1679663740000,88
30,1679667473000,96
30,1679671245000,83
30,1679674857000,91
30,1679678636000,127
30,1679682201000,0
30,1679685561000,130
30,1679689385000,121
30,1679692949000,125
30,1679696494000,144
30,1679700050000,144
30,1679703565000,136
30,1679707150000,156
30,1679710729000,164
30,1679714257000,157
30,1679717905000,129
30,1679721438000,121
30,1679725098000,106
30,1679728673000,92
30,1679732301000,70
30,1679735891000,55
30,1679738835000,68
30,1679743120000,65
30,1679746666000,90
30,1679750305000,108
30,1679753980000,122
30,1679757666000,124
30,1679761449000,116
30,1679764941000,133
30,1679768530000,146
30,1679772194000,131
30,1679775687000,127
30,1679779351000,126
30,1679782938000,136
30,1679786475000,128
30,1679790042000,138
30,1679793722000,118
30,1679797339000,157
30,1679800762000,150
30,1679804347000,120
30,1679807973000,95
30,1679811620000,77
30,1679814900000,95
30,1679818689000,88
30,1679822305000,68
30,1679825938000,78
30,1679829514000,83
30,1679833184000,102
30,1679836711000,115
30,1679840332000,129
30,1679843988000,126
30,1679847725000,141
30,1679851323000,155
30,1679854918000,144
30,1679858448000,128
30,1679862080000,143
30,1679865744000,122
30,1679869246000,138
30,1679872901000,105
30,1679876401000,136
30,1679880431000,127
30,1679883969000,113
30,1679887167000,96
30,1679890755000,70
30,1679894329000,73
30,1679897968000,67
30,1679901528000,56
30,1679905163000,46
30,1679908682000,41
30,1679912280000,53
30,1679915810000,68
30,1679919333000,61
30,1679923107000,86
30,1679926826000,96
30,1679930562000,98
30,1679934215000,112
30,1679937657000,123
30,1679941191000,102
30,1679944952000,114
30,1679948537000,115
30,1679952080000,115
30,1679955652000,94
30,1679959235000,90
30,1679962967000,89
30,1679966528000,121
30,1679970165000,97
30,1679973588000,61
30,1679977135000,64
30,1679980830000,54
30,1679984287000,57
30,1679987971000,51
30,1679991528000,50
30,1679995077000,48
30,1679998617000,47
30,1680002269000,49
30,1680005861000,70
30,1680009627000,85
30,1680013292000,97
30,1680016906000,98
30,1680020451000,99
30,1680024043000,111
30,1680027647000,109
30,1680031301000,112
30,1680034948000,119
30,1680038533000,112
30,1680042087000,98
30,1680046499000,3
30,1680049265000,85
30,1680052811000,109
30,1680056481000,138
30,1680059926000,84
30,1680063548000,69
30,1680067059000,63
30,1680070691000,51
30,1680074377000,47
30,1680077807000,51
30,1680081377000,57
30,1680084951000,57
30,1680088526000,62
30,1680092161000,61
30,1680095825000,91
30,1680099363000,95
30,1680103232000,95
30,1680106841000,109
30,1680110378000,122
30,1680113980000,110
30,1680117533000,120
30,1680121227000,101
30,1680124828000,110
30,1680128591000,95
30,1680132056000,89
30,1680135653000,113
30,1680139274000,103
30,1680142841000,125
30,1680146305000,116
30,1680149954000,69
30,1680153515000,76
30,1680157150000,53
30,1680160655000,52
30,1680164253000,56
30,1680167820000,45
30,1680171348000,52
30,1680174921000,50
30,1680178612000,78
30,1680182299000,89
30,1680185902000,90
30,1680189553000,86
30,1680193374000,109
30,1680196901000,124
30,1680200402000,98
30,1680203966000,110
30,1680207565000,99
30,1680211159000,106
30,1680214834000,111
30,1680218497000,108
30,1680222009000,99
30,1680225627000,121
30,1680229243000,120
30,1680232779000,106
30,1680236367000,87
30,1680239986000,68
30,1680243499000,61
30,1680247145000,50
30,1680250657000,53
30,1680254274000,56
30,1680257884000,67
30,1680261367000,71
30,1680265087000,87
30,1680268665000,81
30,1680272346000,85
30,1680276291000,110
30,1680279702000,131
30,1680283080000,120
30,1680286751000,111
30,1680290522000,111
30,1680292828000,114
30,1680297591000,120
30,1680301177000,106
30,1680304846000,105
30,1680308412000,111
30,1680311966000,121
30,1680315614000,164
30,1680319108000,153
30,1680322669000,109
30,1680326207000,100
30,1680329774000,81
30,1680333450000,71
30,1680336941000,50
30,1680340467000,57
30,1680344227000,70
30,1680347769000,72
30,1680351323000,73
30,1680355117000,83
30,1680358733000,96
30,1680362280000,115
30,1680366154000,99
30,1680369727000,123
30,1680373350000,125
30,1680376861000,137
30,1680380563000,140
30,1680384072000,141
30,1680387639000,114
30,1680391281000,107
30,1680394773000,101
30,1680398447000,107
30,1680402123000,114
30,1680404439000,122
30,1680409209000,108
30,1680412522000,82
30,1680416456000,75
30,1680419931000,67
30,1680423560000,74
30,1680427096000,65
30,1680430809000,0
30,1680434397000,69
30,1680438030000,68
30,1680441620000,104
30,1680445287000,108
30,1680447942000,115
30,1680452476000,133
30,1680456086000,128
30,1680459700000,113
30,1680463261000,115
30,1680466829000,107
30,1680470498000,100
30,1680474043000,106
30,1680477693000,106
30,1680481292000,90
30,1680484797000,107
30,1680488488000,109
30,1680492061000,78
30,1680495794000,70
30,1680499261000,67
30,1680502923000,67
30,1680506458000,58
30,1680509988000,58
30,1680513565000,55
30,1680517083000,66
30,1680520643000,66
30,1680524360000,83
30,1680527907000,81
30,1680531645000,81
30,1680535338000,101
30,1680538825000,107
30,1680542376000,104
30,1680546126000,123
30,1680549537000,130
30,1680553197000,110
30,1680556811000,99
30,1680560355000,111
30,1680563947000,81
30,1680567596000,105
30,1680571128000,121
30,1680574708000,128
30,1680578255000,111
30,1680581982000,70
30,1680585507000,67
30,1680589040000,67
30,1680592635000,64
30,1680596285000,57
30,1680599881000,55
30,1680603357000,54
30,1680606985000,64
30,1680610540000,61
30,1680614249000,75
30,1680617882000,83
30,1680621743000,91
30,1680625280000,100
30,1680628817000,100
30,1680632552000,99
30,1680636095000,120
30,1680639572000,101
30,1680643200000,88
30,1680646893000,106
30,1680650560000,90
30,1680654097000,103
30,1680657633000,120
30,1680661207000,118
30,1680664737000,86
30,1680668410000,69
30,1680671917000,62
30,1680675454000,56
30,1680679116000,57
30,1680682697000,50
30,1680686236000,44
30,1680689853000,56
30,1680693467000,62
30,1680697088000,62
30,1680700695000,76
30,1680704265000,92
30,1680707982000,93
30,1680711669000,96
30,1680715205000,107
30,1680718843000,97
30,1680722422000,106
30,1680726071000,72
30,1680729327000,105
30,1680733314000,84
30,1680736888000,94
30,1680740482000,73
30,1680744034000,98
30,1680747593000,103
30,1680751185000,78
30,1680754812000,59
30,1680758380000,56
30,1680762067000,58
30,1680765548000,44
30,1680769106000,48
30,1680772677000,49
30,1680776284000,53
30,1680779892000,65
30,1680783489000,70
30,1680787091000,76
30,1680791033000,91
30,1680794808000,95
30,1680798377000,133
30,1680801512000,110
30,1680805104000,102
30,1680808737000,111
30,1680812372000,131
30,1680815988000,105
30,1680819481000,99
30,1680823137000,96
30,1680826784000,108
30,1680830638000,120
30,1680834250000,121
30,1680837485000,111
30,1680841101000,88
30,1680844665000,73
30,1680848233000,77
30,1680851834000,72
30,1680855465000,53
30,1680859085000,57
30,1680862696000,59
30,1680866264000,55
30,1680869564000,87
30,1680873498000,81
30,1680877103000,83
30,1680881014000,85
30,1680884636000,110
30,1680888027000,119
30,1680891656000,118
30,1680895351000,129
30,1680898740000,122
30,1680902452000,135
30,1680905964000,126
30,1680909595000,112
30,1680913192000,128
30,1680916769000,160
30,1680920291000,140
30,1680923932000,142
30,1680927526000,125
30,1680931114000,107
30,1680934646000,105
30,1680938225000,77
30,1680941729000,57
30,1680945442000,0
30,1680948934000,64
30,1680952528000,62
30,1680956124000,74
30,1680959847000,104
30,1680963611000,111
30,1680967307000,93
30,1680970876000,108
30,1680974441000,111
30,1680978103000,115
30,1680981752000,98
30,1680985313000,111
30,1680988912000,103
30,1680992517000,114
30,1680996089000,115
30,1680999699000,116
30,1681003264000,111
30,1681006899000,108
30,1681010534000,99
30,1681014077000,89
30,1681017697000,76
30,1681021246000,83
30,1681024832000,68
30,1681028534000,68
30,1681032075000,64
30,1681035592000,71
30,1681039129000,71
30,1681042737000,90
30,1681045341000,97
30,1681050032000,121
30,1681053661000,111
30,1681057268000,105
30,1681060926000,131
30,1681064448000,125
30,1681068128000,123
30,1681071628000,97
30,1681074739000,97
30,1681078896000,117
30,1681082457000,127
30,1681086046000,126
30,1681089639000,115
30,1681093281000,110
30,1681096904000,90
30,1681100335000,82
30,1681104049000,80
30,1681107639000,66
30,1681111196000,57
30,1681114783000,61
30,1681118246000,63
30,1681121826000,58
30,1681125504000,64
30,1681129072000,79
30,1681132698000,103
30,1681136441000,94
30,1681139984000,113
30,1681143847000,108
30,1681147321000,114
30,1681150862000,109
30,1681154640000,90
30,1681158103000,84
30,1681161765000,107
30,1681165246000,89
30,1681168864000,81
30,1681172470000,100
30,1681176122000,97
30,1681179684000,97
30,1681183355000,83
30,1681186935000,68
30,1681190299000,57
30,1681192828000,46
30,1681197566000,52
30,1681201166000,49
30,1681204813000,38
30,1681208365000,46
30,1681211783000,48
30,1681215656000,70
30,1681219177000,76
30,1681222822000,68
30,1681226432000,102
30,1681229929000,100
30,1681233642000,101
30,1681237241000,100
30,1681240873000,110
30,1681244589000,94
30,1681248125000,88
30,1681251735000,92
30,1681255215000,108
30,1681258880000,92
30,1681262583000,107
30,1681266190000,128
30,1681269516000,65
30,1681272591000,61
30,1681276752000,45
30,1681280327000,50
30,1681283839000,48
30,1681287377000,48
30,1681290930000,47
30,1681294555000,44
30,1681298085000,49
30,1681301758000,62
30,1681305388000,74
30,1681308970000,106
30,1681312711000,97
30,1681316318000,93
30,1681319942000,102
30,1681323562000,91
30,1681327237000,89
30,1681331013000,74
30,1681334732000,83
30,1681338119000,88
30,1681341605000,85
30,1681345201000,95
30,1681348830000,98
30,1681352572000,100
30,1681356064000,88
30,1681358690000,72
30,1681363124000,58
30,1681365631000,47
30,1681370296000,50
30,1681373883000,54
30,1681377459000,51
30,1681381064000,63
30,1681384703000,61
30,1681388290000,72
30,1681391129000,76
30,1681395542000,89
30,1681398974000,99
30,1681402810000,101
30,1681406359000,104
30,1681409984000,83
30,1681413621000,93
30,1681417234000,101
30,1681420905000,84
30,1681424447000,89
30,1681428043000,86
30,1681431620000,112
30,1681435102000,124
30,1681438715000,123
30,1681442233000,111
30,1681445857000,83
30,1681449436000,70
30,1681453051000,68
30,1681456566000,51
30,1681460137000,42
30,1681463695000,50
30,1681467372000,50
30,1681470967000,67
30,1681474596000,64
30,1681478189000,78
30,1681481769000,90
30,1681485668000,87
30,1681489219000,117
30,1681492702000,112
30,1681496346000,113
30,1681499896000,107
30,1681503527000,100
30,1681507345000,104
30,1681510783000,112
30,1681514317000,105
30,1681517980000,139
30,1681521518000,144
30,1681525079000,139
30,1681528648000,129
30,1681532166000,105
30,1681535764000,104
30,1681539317000,82
30,1681542930000,76
30,1681546515000,72
30,1681550162000,64
30,1681553729000,65
30,1681557384000,66
30,1681560971000,67
30,1681564658000,75
30,1681568283000,100
30,1681572148000,95
30,1681575708000,115
30,1681579252000,118
30,1681582881000,109
30,1681586489000,101
30,1681590039000,80
30,1681593723000,95
30,1681597274000,115
30,1681600879000,111
30,1681604511000,116
30,1681608066000,136
30,1681611664000,160
30,1681615191000,159
30,1681618690000,124
30,1681622283000,103
30,1681625853000,77
30,1681629439000,70
30,1681633036000,69
30,1681636573000,67
30,1681640161000,77
30,1681643714000,74
30,1681647341000,86
30,1681650996000,101
30,1681654611000,103
30,1681658259000,110
30,1681662159000,121
30,1681665759000,126
30,1681668031000,112
30,1681672877000,115
30,1681676570000,113
30,1681680048000,117
30,1681683694000,131
30,1681687275000,108
30,1681690917000,138
30,1681694431000,115
30,1681697955000,129
30,1681701549000,103
30,1681705136000,69
30,1681708733000,62
30,1681712259000,41
30,1681715852000,44
30,1681719469000,38
30,1681722930000,47
30,1681726551000,54
30,1681730111000,54
30,1681733772000,63
30,1681737400000,72
30,1681740787000,85
30,1681744747000,73
30,1681748459000,84
30,1681752082000,87
30,1681755635000,98
30,1681759255000,101
30,1681762885000,73
30,1681766489000,86
30,1681770106000,83
30,1681773689000,95
30,1681777274000,110
30,1681780863000,121
30,1681784308000,113
30,1681787903000,98
30,1681791475000,81
30,1681795075000,63
30,1681798651000,73
30,1681802249000,57
30,1681805888000,46
30,1681809313000,44
30,1681812899000,52
30,1681816692000,58
30,1681820126000,71
30,1681823798000,82
30,1681827569000,92
30,1681831157000,100
30,1681834691000,103
30,1681838369000,112
30,1681841916000,92
30,1681845452000,88
30,1681849197000,83
30,1681852685000,88
30,1681856373000,98
30,1681859962000,114
30,1681863676000,118
30,1681867087000,125
30,1681870676000,115
30,1681874298000,72
30,1681877836000,61
30,1681881455000,71
30,1681885046000,63
30,1681888611000,60
30,1681892131000,42
30,1681895729000,47
30,1681899306000,52
30,1681902924000,65
30,1681906695000,68
30,1681910216000,81
30,1681914071000,90
30,1681917633000,86
30,1681921350000,101
30,1681924788000,98
30,1681928452000,102
30,1681932138000,109
30,1681935537000,101
30,1681939285000,96
30,1681942934000,108
30,1681946659000,100
30,1681950035000,115
30,1681953484000,133
30,1681957111000,116
30,1681960616000,96
30,1681964242000,89
30,1681967837000,77
30,1681971335000,65
30,1681974985000,55
30,1681978539000,47
30,1681982091000,45
30,1681985748000,45
30,1681989316000,57
30,1681993049000,57
30,1681996568000,77
30,1682000293000,86
30,1682004143000,77
30,1682007785000,92
30,1682011376000,99
30,1682014879000,94
30,1682018541000,104
30,1682022044000,88
30,1682025602000,87
30,1682029214000,84
30,1682032921000,84
30,1682036423000,84
30,1682040078000,114
30,1682043616000,123
30,1682047133000,108
30,1682050668000,98
30,1682054312000,84
30,1682057847000,63
30,1682061437000,64
30,1682065098000,55
30,1682068517000,46
30,1682072108000,45
30,1682075776000,58
30,1682079453000,64
30,1682083001000,84
30,1682086601000,74
30,1682090317000,85
30,1682094087000,109
30,1682097617000,110
30,1682101153000,106
30,1682104796000,117
30,1682108314000,110
30,1682112030000,110
30,1682115578000,105
30,1682119217000,108
30,1682122917000,132
30,1682126278000,142
30,1682129953000,133
30,1682133477000,96
30,1682137189000,98
30,1682140644000,104
30,1682144237000,88
30,1682147838000,66
30,1682151492000,52
30,1682154993000,47
30,1682158529000,55
